NinjaScript File,Error,Code,Line,Column,
V12_002\SIMA\Lifecycle.cs,} expected,CS1513,1293,10,
V12_002\SIMA\Lifecycle.cs,Identifier expected,CS1001,1333,23,
V12_002\SIMA\Lifecycle.cs,Syntax error '' expected,CS1003,1333,23,
V12_002\SIMA\Lifecycle.cs,Syntax error '' expected,CS1003,1333,24,
V12_002\SIMA\Lifecycle.cs,Identifier expected,CS1001,1333,30,
V12_002\SIMA\Lifecycle.cs,Syntax error '' expected,CS1003,1333,30,
V12_002\SIMA\Lifecycle.cs,Type expected,CS1031,1333,31,
V12_002\SIMA\Lifecycle.cs,Tuple must contain at least two elements.,CS8124,1333,31,
V12_002\SIMA\Lifecycle.cs,) expected,CS1026,1333,31,
V12_002\SIMA\Lifecycle.cs,Identifier expected,CS1001,1333,31,
V12_002\SIMA\Lifecycle.cs,Syntax error '' expected,CS1003,1333,31,
V12_002\SIMA\Lifecycle.cs,Identifier expected,CS1001,1335,35,
V12_002\SIMA\Lifecycle.cs,Identifier expected,CS1001,1336,34,
V12_002\SIMA\Lifecycle.cs,; expected,CS1002,1337,18,
V12_002\SIMA\Lifecycle.cs,Invalid token ')' in a member declaration,CS1519,1338,13,
V12_002\SIMA\Lifecycle.cs,Invalid token '}' in a member declaration,CS1519,1339,9,
V12_002\SIMA\Lifecycle.cs,Method must have a return type,CS1520,1332,13,
V12_002\SIMA\Lifecycle.cs,'V12_002.V12_002(string Format (? ?) trackedCancels brokerCancels)' must declare a body because it is not marked abstract extern or partial,CS0501,1332,13,
V12_002\SIMA\Lifecycle.cs,The type or namespace name 'Format' could not be found (are you missing a using directive or an assembly reference?),CS0246,1333,24,
V12_002\SIMA\Lifecycle.cs,The type or namespace name 'trackedCancels' could not be found (are you missing a using directive or an assembly reference?),CS0246,1335,21,
V12_002\SIMA\Lifecycle.cs,The type or namespace name 'brokerCancels' could not be found (are you missing a using directive or an assembly reference?),CS0246,1336,21,
V12_002\SIMA\Lifecycle.cs,The name 'force' does not exist in the current context,CS0103,1330,53,
V12_002\SIMA\Lifecycle.cs,The name 'force' does not exist in the current context,CS0103,1331,51,
